5DvWThv9KXSsyZPDyozM49,b'\xd7\x92\xd7\x9c\xd7\x94 \xd7\x9c\xd7\x99'
78bpIziExqiI9qztvNFlQu,b'AM'
4AQtxbh9BLct9Al6PotQlw,b'\xd7\xa4\xd7\xa8\xd7\xa6\xd7\x95\xd7\xa4\xd7\x99\xd7\x9d'
7KZkFAtkse1rKL9HdFTCuh,b'Smash Mouth'
2usyeZYdUHKlNHKDKgAYSo,b'Phobia (Clean Version)'
6Z5kdNOhvZ7BXD40g5xggC,"b""\xd7\xa0\xd7\x95\xd7\xa8\xd7\x99\xd7\x93 \xd7\xaa'\xd7\x97\xd7\x95\xd7\x9c\xd7\xa6\xd7\x94"""
34GQP3dILpyCN018y2k61L,b'BALLADS 1'
6RWrvfIB8WGLNwYN1SKvZA,b'\xd7\x9e\xd7\x99\xd7\xa9\xd7\x94\xd7\x95 \xd7\xa9\xd7\x95\xd7\x9e\xd7\xa2'
0d2EBNZtasKFZOtbhBibjD,b'\xd7\xa2\xd7\x98\xd7\xa8 \xd7\x9e\xd7\x99\xd7\x99\xd7\xa0\xd7\xa8'
4OzXgERQxpLMFZpYrIDsHM,b'\xd7\x90\xd7\xa0\xd7\xa0\xd7\xa1'
0OGDSUpkvNqUsbmPCQz1T9,b'\xd7\x91\xd7\x94\xd7\x95\xd7\xa4\xd7\xa2\xd7\x94 1993\xe2\x80\x932002'
6sKLAtOcG6qqAgXOV4whjH,b'\xd7\x92\xd7\x92'
34GQP3dILpyCN018y2k61L,b'BALLADS 1'
4sgYpkIASM1jVlNC8Wp9oF,b'Paramore'
5y4rSQJbmDFsIoTCvT6vey,b'\xd7\x99\xd7\x94\xd7\x9c\xd7\x95\xd7\x9d - Prod. By Triangle'
62U7xIHcID94o20Of5ea4D,b'Toto IV'
4p0nwIgXcFn7Ghy0H9sQ7q,b'Football Hits - Fu\xc3\x9fball Lieder (Hits for Football Fans)'
6reTSIf5MoBco62rk8T7Q1,b'Hot Space (2011 Remaster)'
77amQMA4o6PxWhSSGdTclZ,b'\xd7\x9e\xd7\x95\xd7\xa2\xd7\x93\xd7\x95\xd7\x9f \xd7\x94\xd7\xa7\xd7\xa6\xd7\x91 \xd7\xa9\xd7\x9c \xd7\x90\xd7\x91\xd7\x99\xd7\x94\xd7\x95 \xd7\xa4\xd7\xa0\xd7\x97\xd7\xa1\xd7\x95\xd7\x91'
6hmmX5UP4rIvOpGSaPerV8,b'Tracy Chapman'
09bnoLaXqJi7naZtDXHIbh,b'Courage to Change'
1Y1kv5n86UzcV3dBkkAsSq,"b""Thank God I'm Not You"""
64GtHitIwGfmQB4yE3Nc1I,b'\xd7\x90\xd7\xa8\xd7\xa5 \xd7\xa0\xd7\x94\xd7\x93\xd7\xa8\xd7\xaa | \xd7\x9e\xd7\xaa\xd7\x95\xd7\xa7\xd7\x94 \xd7\x9e\xd7\x94\xd7\x97\xd7\x99\xd7\x99\xd7\x9d'
7cGOqfU8TieqoOU5XY0CDH,b'\xd7\x9c\xd7\x94\xd7\x99\xd7\x98\xd7\x99 \xd7\x96\xd7\x94\xd7\x91 1'
1NxIeR1RafuaQrlTdRxbwb,b'\xd7\x90\xd7\x94\xd7\x91\xd7\xaa \xd7\x90\xd7\x99\xd7\xa9 \xd7\x94\xd7\xa4\xd7\x97'
50Zz8CkIhATKUlQMbHO3k1,"b""Whatever People Say I Am, That's What I'm Not"""
2KJjOBX280F3hZZE1xO33O,b'Cuz I Love You (Super Deluxe)'
0BFzNaeaNv4mahOzwZFGHK,b'Royal Blood'
6UornBmu7FEPziehukocoq,b'\xd7\x9b\xd7\x9e\xd7\x95 \xd7\xa1\xd7\x99\xd7\xa0\xd7\x93\xd7\xa8\xd7\x9c\xd7\x94'
2D78QqxtzgUukykeWwntPs,b'\xd7\xa0\xd7\xa2\xd7\xa8\xd7\x99 \xd7\xa9\xd7\x95\xd7\x91\xd7\x94 \xd7\x90\xd7\x9c\xd7\x99'
1lPoRKSgZHQAYXxzBsOQ7v,b'Bringing It All Back Home'
21PGhsdn8v8XSKmSq4leJ3,b'\xd7\x9b\xd7\x9c \xd7\x94\xd7\x9c\xd7\x94\xd7\x99\xd7\x98\xd7\x99\xd7\x9d'
6FBfXFadCFlH5Y1GUZFqQR,b'\xd7\x9e\xd7\xa6\xd7\x99\xd7\x90\xd7\x95\xd7\xaa \xd7\xa0\xd7\xa4\xd7\xa8\xd7\x93\xd7\xaa'
1G9CB4gjIIjEI8tKx49FGt,b'\xd7\x92\xd7\xa0\xd7\x92\xd7\xa1\xd7\x98\xd7\xa8\xd7\x99\xd7\x9d \xd7\xa2\xd7\x9c \xd7\x90\xd7\x9e\xd7\xaa'
6cN0HshabuRh8Vea9ULSKJ,b'\xd7\x94\xd7\x90\xd7\x95\xd7\xa1\xd7\xa3 \xd7\x94\xd7\xa7\xd7\xa6\xd7\x91\xd7\x99'
04m06KhJUuwe1Q487puIud,b'Levitating (feat. DaBaby)'
43wpzak9OmQfrjyksuGwp0,b'Escape'
5pLmJkIWM4Xd2YF4C5LWwZ,b'\xd7\x91\xd7\xa8\xd7\x95\xd7\x9b\xd7\x99\xd7\x9d \xd7\x94\xd7\x91\xd7\x90\xd7\x99\xd7\x9d \xd7\x9c\xd7\x99\xd7\xa9\xd7\xa8\xd7\x90\xd7\x9c'
3G7L80rVrUNc13YSCOHhGq,b'\xd7\x96\xd7\x94 \xd7\x91\xd7\x93\xd7\x9d \xd7\xa9\xd7\x9c\xd7\x99'
36vxv3IT5mUH5rJB57r9kj,b'\xd7\x99\xd7\xa9 \xd7\x9c\xd7\x99 \xd7\x97\xd7\x95\xd7\xa8 \xd7\x91\xd7\x9c\xd7\x91 \xd7\x91\xd7\xa6\xd7\x95\xd7\xa8\xd7\x94 \xd7\xa9\xd7\x9c\xd7\x9a'
7nA0EdSRuxzUqkA7kMSer7,b'Music (Songs From And Inspired By The Motion Picture)'
4ohPMPeZukCChC6xNJpeYx,b'One-X'
6YKk4wlKdACRITGKmGnoIm,b'Nectar'
1huMzmb62wgHCK3cqRy9L3,b'\xd7\x9c\xd7\x94\xd7\x99\xd7\x98\xd7\x99 \xd7\x96\xd7\x94\xd7\x91 6'
3yXLuyV0G2op91XliCCRWv,b'\xd7\x98\xd7\x95\xd7\xa0\xd7\x94\xd7\xa4\xd7\x90\xd7\xa8\xd7\xa7'
2xChdOg0PvxzHzE1BooUpI,b'Rock n Roll Jesus'
34d6ShNbcuMzFbLLz9RcB7,b'Some Days'
1K3C3SnYGG76vmXMWnk77T,b'\xd7\x90\xd7\x95\xd7\x9c\xd7\x99 \xd7\x96\xd7\x94 \xd7\x90\xd7\xa0\xd7\x99'
5lWYyzmUrpY1jrV31iA8Yn,b'Graveyard of Empires'
7AtxsQ9wWfUKZn4QVGN0bJ,b'\xd7\xa2\xd7\x9c \xd7\x9e\xd7\x99 \xd7\x90\xd7\xa0\xd7\x99 \xd7\xa2\xd7\x95\xd7\x91\xd7\x93'
6UK6nFW9qDZP5qJQKsry3G,b'\xd7\xa7\xd7\x95\xd7\x91\xd7\x99'
5IVtC2TqdD3mP7EQ1KCNRp,b'\xd7\x97\xd7\x92\xd7\x99\xd7\x92\xd7\x94'
4xxc3KZwpLTj4If1KXWqTr,b'\xd7\xa2\xd7\xa9\xd7\xa8 \xd7\x90\xd7\xa4\xd7\xa1 \xd7\x9c\xd7\x9a'
1sIhNlunCcOptsSOL72WLg,b'Get Born (Deluxe Edition)'
4uG8q3GPuWHQlRbswMIRS6,b'Dookie'
6vC3YjRy755VljFSemBUu7,b'Run'
1EWnkL3u6vzLdWOUz3vyoY,b'\xd7\x99\xd7\x9e\xd7\x99\xd7\x9d \xd7\x99\xd7\xa4\xd7\x99\xd7\x9d'
3y7Mwv7UqhABQqsGlzSL6n,b'The Crow Original Motion Picture Soundtrack'
7FhbgCrEBr2GlQlnb52GiS,b'\xd7\x94\xd7\xa9\xd7\xa0\xd7\x99'
2yQ7GNgp9gX7PDPGYBhRnk,b'\xd7\x90\xd7\xa9\xd7\x9c\xd7\x99\xd7\x95\xd7\xaa \xd7\x9e\xd7\xaa\xd7\x95\xd7\xa7\xd7\x95\xd7\xaa'
