2l6M7GaS9x3rZOX6nDX3CM,5DvWThv9KXSsyZPDyozM49
7Ln80lUS6He07XvHI8qqHH,78bpIziExqiI9qztvNFlQu
1IAEef07H0fd9aA8aUHUlL,4AQtxbh9BLct9Al6PotQlw
2iEvnFsWxR0Syqu2JNopAd,7KZkFAtkse1rKL9HdFTCuh
5BtHciL0e0zOP7prIHn3pP,2usyeZYdUHKlNHKDKgAYSo
6uQl3gu1AIXyvqCAxnc2q4,6Z5kdNOhvZ7BXD40g5xggC
3MZsBdqDrRTJihTHQrO6Dq,34GQP3dILpyCN018y2k61L
2pQd850SlcQYxzmSwsQYHS,6RWrvfIB8WGLNwYN1SKvZA
1oTaLSazZlqH2azlemNZOm,0d2EBNZtasKFZOtbhBibjD
66jtNcSqBSNontUk1Apdam,4OzXgERQxpLMFZpYrIDsHM
2wp6i8BxLF3UrF1J3LY4WC,0OGDSUpkvNqUsbmPCQz1T9
5EgEUxXi9uTYYN4cQwmLPy,6sKLAtOcG6qqAgXOV4whjH
3MZsBdqDrRTJihTHQrO6Dq,34GQP3dILpyCN018y2k61L
74XFHRwlV6OrjEM0A2NCMF,4sgYpkIASM1jVlNC8Wp9oF
3JPKPnzWJGjccn8SnjwA5i,5y4rSQJbmDFsIoTCvT6vey
0PFtn5NtBbbUNbU9EAmIWF,62U7xIHcID94o20Of5ea4D
6moCgUmUrdoS86CnxxAMK1,4p0nwIgXcFn7Ghy0H9sQ7q
1dfeR4HaWDbWqFHLkxsg1d,6reTSIf5MoBco62rk8T7Q1
4saB5ta3MrhGC4aYV0zF2r,77amQMA4o6PxWhSSGdTclZ
7oPgCQqMMXEXrNau5vxYZP,6hmmX5UP4rIvOpGSaPerV8
5WUlDfRSoLAfcVSX1WnrxN,09bnoLaXqJi7naZtDXHIbh
71NBOcJ9lMeXqnbnya1z0x,1Y1kv5n86UzcV3dBkkAsSq
73noq7TQFRfKKeynAhtCy6,64GtHitIwGfmQB4yE3Nc1I
4Uzm4t6wAufWqKP7ZgYLxF,7cGOqfU8TieqoOU5XY0CDH
1sVozq6X0qXArzROCJa208,1NxIeR1RafuaQrlTdRxbwb
7Ln80lUS6He07XvHI8qqHH,50Zz8CkIhATKUlQMbHO3k1
56oDRnqbIiwx4mymNEv7dS,2KJjOBX280F3hZZE1xO33O
2S5hlvw4CMtMGswFtfdK15,0BFzNaeaNv4mahOzwZFGHK
39jFFncu6W0phhYK16Dp9g,6UornBmu7FEPziehukocoq
2l6M7GaS9x3rZOX6nDX3CM,2D78QqxtzgUukykeWwntPs
74ASZWbe4lXaubB36ztrGX,1lPoRKSgZHQAYXxzBsOQ7v
1PliqAiazZ7fUWok2vg2Ia,21PGhsdn8v8XSKmSq4leJ3
4xOU852y5U5YPQe29uWPH5,6FBfXFadCFlH5Y1GUZFqQR
6UReeaqNcjIfzIH13kTHKE,1G9CB4gjIIjEI8tKx49FGt
39jFFncu6W0phhYK16Dp9g,6cN0HshabuRh8Vea9ULSKJ
6M2wZ9GZgrQXHCFfjv46we,04m06KhJUuwe1Q487puIud
0rvjqX7ttXeg3mTy8Xscbt,43wpzak9OmQfrjyksuGwp0
0rcuq0mzUaleXgXxuLFPPZ,5pLmJkIWM4Xd2YF4C5LWwZ
1SOCXWLgBvXDqNobiSnGM7,3G7L80rVrUNc13YSCOHhGq
5EgEUxXi9uTYYN4cQwmLPy,36vxv3IT5mUH5rJB57r9kj
5WUlDfRSoLAfcVSX1WnrxN,7nA0EdSRuxzUqkA7kMSer7
2xiIXseIJcq3nG7C8fHeBj,4ohPMPeZukCChC6xNJpeYx
3MZsBdqDrRTJihTHQrO6Dq,6YKk4wlKdACRITGKmGnoIm
4Uzm4t6wAufWqKP7ZgYLxF,1huMzmb62wgHCK3cqRy9L3
17pbOSPIn3lmY0vHhOlKGL,3yXLuyV0G2op91XliCCRWv
7dOBabd5O4CvKrg4iriHTM,2xChdOg0PvxzHzE1BooUpI
3EOEK57CV77D4ovYVcmiyt,34d6ShNbcuMzFbLLz9RcB7
3gC0JIIgE2lK3yztam5ndm,1K3C3SnYGG76vmXMWnk77T
6pDRa5fS3myWSP0fpIUcNl,5lWYyzmUrpY1jrV31iA8Yn
3gC0JIIgE2lK3yztam5ndm,7AtxsQ9wWfUKZn4QVGN0bJ
4zG8rBneMjXa6RadES2rUF,6UK6nFW9qDZP5qJQKsry3G
39jFFncu6W0phhYK16Dp9g,5IVtC2TqdD3mP7EQ1KCNRp
2MOEM2cDGyOzUf7LrBFuIG,4xxc3KZwpLTj4If1KXWqTr
5ypxebeHEIXjMtJb17uJlI,1sIhNlunCcOptsSOL72WLg
7oPftvlwr6VrsViSDV7fJY,4uG8q3GPuWHQlRbswMIRS6
3MZsBdqDrRTJihTHQrO6Dq,6vC3YjRy755VljFSemBUu7
4saB5ta3MrhGC4aYV0zF2r,1EWnkL3u6vzLdWOUz3vyoY
2d0hyoQ5ynDBnkvAbJKORj,3y7Mwv7UqhABQqsGlzSL6n
0zFvzQ4P6i9vu7Q2Kmmi3m,7FhbgCrEBr2GlQlnb52GiS
39jFFncu6W0phhYK16Dp9g,2yQ7GNgp9gX7PDPGYBhRnk
