03DcpryHcONqKi2uKXK5Ow,אז מה,5DvWThv9KXSsyZPDyozM49,34
086myS9r57YsLbJpU0TgK9,Why'd You Only Call Me When You're High?,78bpIziExqiI9qztvNFlQu,87
09PZuKctf7D3RAdaegN7zu,פרצופים,4AQtxbh9BLct9Al6PotQlw,54
0C9jZPUv4SuaXkuEQw6L40,I'm A Believer,7KZkFAtkse1rKL9HdFTCuh,69
0faXHILILebCGnJBPU6KJJ,The Diary of Jane - Single Version,2usyeZYdUHKlNHKDKgAYSo,76
0oHTvb0EVeYTUc0zscZphb,נוריד ת'חולצה,6Z5kdNOhvZ7BXD40g5xggC,46
0rKtyWc8bvkriBthvHKY8d,SLOW DANCING IN THE DARK,34GQP3dILpyCN018y2k61L,86
0xu3PasKYiRNedJOnRBkJA,מישהו שומע,6RWrvfIB8WGLNwYN1SKvZA,34
1bFSitBqVkOrZ5geYAHEKX,פרפר,0d2EBNZtasKFZOtbhBibjD,47
1K0Mvug9bSd7KqjAPK5CnG,תגידו לי אחרת,4OzXgERQxpLMFZpYrIDsHM,18
1NcXVKZFIQd9J8Y74ls6Xp,אין קץ לילדות - Live,0OGDSUpkvNqUsbmPCQz1T9,12
1QxjdVgVrqRRuPM4T0dgWx,גג,6sKLAtOcG6qqAgXOV4whjH,43
1VGzxJnVQND7Cg5H5wGj14,YEAH RIGHT,34GQP3dILpyCN018y2k61L,81
1yjY7rpaAQvKwpdUliHx0d,Still into You,4sgYpkIASM1jVlNC8Wp9oF,83
20rg6HNd837eX34TA5tEVf,יהלום - Prod. By Triangle,5y4rSQJbmDFsIoTCvT6vey,52
2374M0fQpWi3dLnB54qaLX,Africa,62U7xIHcID94o20Of5ea4D,84
2cY3YDf9AQl2DuocD0JYf0,Tubthumping - I get knocked Down,4p0nwIgXcFn7Ghy0H9sQ7q,36
2fuCquhmrzHpu5xcA1ci9x,Under Pressure - Remastered 2011,6reTSIf5MoBco62rk8T7Q1,81
2GCR5b8UkMN2QtBMtfMvZQ,מצילה אותי,77amQMA4o6PxWhSSGdTclZ,44
2M9ro2krNb7nr7HSprkEgo,Fast Car,6hmmX5UP4rIvOpGSaPerV8,79
2MbgQKWhoii8bqsMBWWWgA,Courage to Change,09bnoLaXqJi7naZtDXHIbh,67
2OvYRK5xu5APpAbLaB3l7b,Thank God I'm Not You,1Y1kv5n86UzcV3dBkkAsSq,58
2pMVkGu7SomhwZwufGOPda,ארץ נהדרת | מתוקה מהחיים,64GtHitIwGfmQB4yE3Nc1I,32
2rUXZPyYkMvncJ7jkbOmd2,לילה בלי כוכב,7cGOqfU8TieqoOU5XY0CDH,29
348rUXIKEw4DYw7R0oIYNu,כל השבוע מרגיש כמו שבת,1NxIeR1RafuaQrlTdRxbwb,41
3DQVgcqaP3iSMbaKsd57l5,I Bet You Look Good On The Dancefloor,50Zz8CkIhATKUlQMbHO3k1,75
3HWzoMvoF3TQfYg4UPszDq,Truth Hurts,2KJjOBX280F3hZZE1xO33O,78
3MjrueDQKVr6xDDseZwhEd,Figure It Out,0BFzNaeaNv4mahOzwZFGHK,69
3mvVb3dFiHyXG86N3gVYja,כמו סינדרלה,6UornBmu7FEPziehukocoq,33
3o863oLzV4qj53EBCtEAqz,נערי שובה אלי,2D78QqxtzgUukykeWwntPs,39
3RkQ3UwOyPqpIiIvGVewuU,Mr. Tambourine Man,1lPoRKSgZHQAYXxzBsOQ7v,66
3Sa4wFRcNP1uNzwQA6cVgS,זמנים קטנים,21PGhsdn8v8XSKmSq4leJ3,24
3yWWNB1ESnafJRbTXOJ3sI,קח אותי,6FBfXFadCFlH5Y1GUZFqQR,41
406GxF9gnDjRwsy5wqLpOh,תל אביב זה אני ואת,1G9CB4gjIIjEI8tKx49FGt,53
40zK7MICeyHNNWyOrUU0sC,שיר הפריחה,6cN0HshabuRh8Vea9ULSKJ,26
463CkQjx2Zk1yXoBuierM9,Levitating (feat. DaBaby),04m06KhJUuwe1Q487puIud,84
4bHsxqR3GMrXTxEPLuK5ue,Don't Stop Believin',43wpzak9OmQfrjyksuGwp0,83
4iTXVDvJIcFtSqvshO4JPA,ב.מ.וו. שחורה,5pLmJkIWM4Xd2YF4C5LWwZ,36
54PKGOlUPA4NXGQYnWxz9K,זה בדם שלי,3G7L80rVrUNc13YSCOHhGq,38
5bSY17Hl7P9ztiKCTyLz4a,יש לי חור בלב בצורה שלך,36vxv3IT5mUH5rJB57r9kj,52
5DWZX4piXraq1IOr2a4sBL,Oblivion (feat. Labrinth),7nA0EdSRuxzUqkA7kMSer7,44
5eFxwmqKrHpSQDOEIFYlgY,Animal I Have Become,4ohPMPeZukCChC6xNJpeYx,68
5F1ZmucV0uJY14y2dYKePa,Sanctuary,6YKk4wlKdACRITGKmGnoIm,72
5kKme9GCKnjKWC16Lb8cER,עוד סיפור אחד של אהבה,1huMzmb62wgHCK3cqRy9L3,35
5RnhWaP5VD3eJN3J0chPmh,בסיבוב,3yXLuyV0G2op91XliCCRWv,51
5rX6C5QVvvZB7XckETNych,All Summer Long,2xChdOg0PvxzHzE1BooUpI,75
5W9Qlj971vEzgfVHxiUCkT,Anxious,34d6ShNbcuMzFbLLz9RcB7,49
5X0UESDGqxNkFIbgtZU0sc,מכיר אותו,1K3C3SnYGG76vmXMWnk77T,38
5xetBdYzklZ71hbHjXb4Zf,Beyond The Stars,5lWYyzmUrpY1jrV31iA8Yn,50
5yvN1r8skR9fE5jqNgsCox,הקנאה,7AtxsQ9wWfUKZn4QVGN0bJ,46
6corIIuvWjaVslSyYoXGuR,לבדוק לך ת'מנוע,6UK6nFW9qDZP5qJQKsry3G,34
6hWXe5KsRygkMO5MOvk7W4,בחום של תל אביב,5IVtC2TqdD3mP7EQ1KCNRp,39
6J2R4mMoDfb5NQMDuV0nWq,עשר אפס לך,4xxc3KZwpLTj4If1KXWqTr,51
6Ks2OC8Hydb60EiBqJdoiW,Bruises,1sIhNlunCcOptsSOL72WLg,23
6L89mwZXSOwYl76YXfX13s,Basket Case,4uG8q3GPuWHQlRbswMIRS6,82
6p8eEdiZLKJH8tcjGZuNTK,Run,6vC3YjRy755VljFSemBUu7,66
75r8RynXHLGJPLw8CY87zh,לא חסר לי כלום,1EWnkL3u6vzLdWOUz3vyoY,32
7aewPE2qqi9OlnG4HSDZnO,Darkness,3y7Mwv7UqhABQqsGlzSL6n,49
7f6Bkdh4flhzfeUcMeuBjY,הגשמה עצמית,7FhbgCrEBr2GlQlnb52GiS,42
7jbmHNja5Ifm14GCKa3CFO,יאללה לך הביתה מוטי,2yQ7GNgp9gX7PDPGYBhRnk,30
